photo_id	keyword
4a8b01ba	health
4a8b01ba	art
4a8b01ba	sports
4a8b01ba	abstract
4a8b01ba	travel
e7f95c37	health
e7f95c37	music
e7f95c37	travel
90363f07	people
90363f07	food
90363f07	travel
90363f07	fashion
65c15ac5	technology
65c15ac5	abstract
65c15ac5	health
65c15ac5	food
65c15ac5	nature
8a10a46c	abstract
8a10a46c	travel
05441136	travel
05441136	music
05441136	city
05441136	architecture
2f8df10d	travel
2f8df10d	food
2f8df10d	art
2f8df10d	architecture
2f8df10d	technology
e930980a	city
e930980a	food
e930980a	abstract
cef2539c	business
cef2539c	abstract
cef2539c	nature
cef2539c	art
cef2539c	city
2d78ccce	music
2d78ccce	nature
2d78ccce	architecture
2d78ccce	health
f0a10aa8	sports
f0a10aa8	architecture
f0a10aa8	art
3fd3bc79	abstract
3fd3bc79	food
b5094306	technology
b5094306	abstract
b5094306	business
b5094306	nature
b6000d4a	art
b6000d4a	nature
b6000d4a	animals
b6000d4a	health
8dc0bda1	people
8dc0bda1	abstract
8dc0bda1	fashion
d696fc94	fashion
d696fc94	animals
d696fc94	technology
d696fc94	music
d696fc94	city
f04a1151	fashion
f04a1151	animals
f04a1151	travel
f04a1151	technology
cb33080a	abstract
cb33080a	technology
cb33080a	animals
e75059a3	abstract
e75059a3	travel
e75059a3	music
e75059a3	city
e75059a3	animals
486d56cc	health
486d56cc	music
b5d0d9f7	food
b5d0d9f7	health
b5d0d9f7	art
b5d0d9f7	travel
c5141fc0	music
c5141fc0	health
c5141fc0	art
2f99a28a	people
2f99a28a	city
1b1beb62	music
1b1beb62	technology
1b1beb62	nature
1b1beb62	people
be9bed91	fashion
be9bed91	people
be9bed91	travel
be9bed91	abstract
9c8e4d7e	food
9c8e4d7e	travel
e5d37ddb	technology
e5d37ddb	city
a5137aae	nature
a5137aae	food
a5137aae	people
a5137aae	travel
fe524fc3	architecture
fe524fc3	health
fe524fc3	abstract
fe524fc3	technology
eb24277c	sports
eb24277c	art
eb24277c	abstract
eb24277c	music
e27c4aca	technology
e27c4aca	health
e27c4aca	sports
54118b5f	animals
54118b5f	business
f2cbc210	abstract
f2cbc210	travel
f2cbc210	fashion
f2cbc210	business
9d36ee73	architecture
9d36ee73	business
9d36ee73	music
9d36ee73	fashion
f743533c	nature
f743533c	fashion
f743533c	art
f743533c	technology
f743533c	food
1e2b26a0	fashion
1e2b26a0	architecture
1e2b26a0	business
33697cfd	travel
33697cfd	abstract
33697cfd	architecture
33697cfd	nature
1e02ef69	health
1e02ef69	music
1e02ef69	people
1e02ef69	nature
1e02ef69	travel
55ccc1eb	music
55ccc1eb	city
55ccc1eb	sports
55ccc1eb	fashion
8691385a	food
8691385a	animals
8691385a	people
8691385a	architecture
8691385a	travel
39b377f9	health
39b377f9	abstract
39b377f9	city
39b377f9	travel
39b377f9	business
1eae371d	city
1eae371d	health
1eae371d	business
1eae371d	abstract
1eae371d	music
0ddb2013	technology
0ddb2013	nature
0ddb2013	abstract
923b2a5c	fashion
923b2a5c	music
923b2a5c	abstract
2a68e16f	business
2a68e16f	city
70ac0fe3	art
70ac0fe3	fashion
70ac0fe3	architecture
70ac0fe3	sports
96d2c8d1	travel
96d2c8d1	music
96d2c8d1	sports
96d2c8d1	fashion
b673dc4b	city
b673dc4b	nature
828e07c7	health
828e07c7	business
828e07c7	nature
828e07c7	people
828e07c7	travel
f15aa8d4	business
f15aa8d4	technology
f15aa8d4	food
5c58a54d	sports
5c58a54d	technology
5c58a54d	city
5c58a54d	health
ba6ab075	technology
ba6ab075	art
ba6ab075	people
ba6ab075	nature
decad9d1	architecture
decad9d1	people
bfe9532f	music
bfe9532f	architecture
48b0d018	music
48b0d018	technology
5d9acaf7	nature
5d9acaf7	abstract
5d9acaf7	music
5d9acaf7	people
5d9acaf7	architecture
8583d98b	music
8583d98b	technology
8583d98b	food
8583d98b	city
8583d98b	travel
1c99252c	fashion
1c99252c	city
1c99252c	business
1c99252c	people
1c99252c	abstract
58d13852	music
58d13852	animals
58d13852	technology
58d13852	travel
58d13852	business
52dd7748	architecture
52dd7748	technology
52dd7748	people
52dd7748	music
f4e62a17	music
f4e62a17	travel
4fc0b4e6	city
4fc0b4e6	technology
126d6776	business
126d6776	health
126d6776	art
126d6776	architecture
126d6776	abstract
f023fce7	music
f023fce7	nature
5eab7a24	health
5eab7a24	music
5eab7a24	food
5eab7a24	art
5eab7a24	animals
2f81009b	fashion
2f81009b	travel
2f81009b	health
2f81009b	people
e99e4f8f	animals
e99e4f8f	sports
e99e4f8f	health
e99e4f8f	art
bf15cff4	fashion
bf15cff4	sports
3c3c929d	people
3c3c929d	fashion
3c3c929d	travel
3c3c929d	abstract
3c3c929d	animals
8a7e8fe8	food
8a7e8fe8	fashion
80e659bc	people
80e659bc	sports
80e659bc	architecture
80e659bc	abstract
80e659bc	food
f1ecdadb	sports
f1ecdadb	architecture
f1ecdadb	health
f1ecdadb	animals
f1ecdadb	nature
93782959	fashion
93782959	business
93782959	city
689a0565	art
689a0565	people
689a0565	animals
372f8886	technology
372f8886	health
372f8886	sports
372f8886	architecture
5b8cfe61	people
5b8cfe61	art
5b8cfe61	animals
9923f0d9	art
9923f0d9	animals
9923f0d9	sports
9923f0d9	people
4d52d1bb	business
4d52d1bb	food
4d52d1bb	architecture
2cd9ad1a	health
2cd9ad1a	fashion
2cd9ad1a	city
2cd9ad1a	abstract
4223bc54	art
4223bc54	business
4223bc54	people
a81f8ea5	city
a81f8ea5	technology
a81f8ea5	art
a81f8ea5	food
a81f8ea5	animals
adaab74b	travel
adaab74b	sports
adaab74b	animals
adaab74b	art
e5599e6d	business
e5599e6d	art
e5599e6d	fashion
e5599e6d	music
e5599e6d	sports
9e21cbbe	food
9e21cbbe	city
438d668d	city
438d668d	fashion
438d668d	animals
5a654b31	city
5a654b31	art
3e24d3ed	travel
3e24d3ed	sports
3e24d3ed	people
3e24d3ed	city
bd1755d2	food
bd1755d2	music
bd1755d2	architecture
1c8f4238	nature
1c8f4238	fashion
1c8f4238	travel
1c8f4238	animals
68ef104a	city
68ef104a	fashion
68ef104a	travel
68ef104a	art
2b5a1258	city
2b5a1258	architecture
671e36c5	animals
671e36c5	sports
671e36c5	art
671e36c5	travel
671e36c5	architecture
0ab53fa5	nature
0ab53fa5	animals
cf4b18a3	business
cf4b18a3	art
cf4b18a3	abstract
cf4b18a3	animals
cf4b18a3	fashion
320626ba	food
320626ba	city
320626ba	travel
320626ba	nature
a81928ff	business
a81928ff	technology
a81928ff	people
a81928ff	health
2e7b7629	travel
2e7b7629	abstract
2e7b7629	art
2e7b7629	fashion
2e7b7629	animals
70f0d035	sports
70f0d035	fashion
0aaf0e43	business
0aaf0e43	animals
0aaf0e43	health
0aaf0e43	art
0aaf0e43	fashion
589b6af2	business
589b6af2	nature
8ef5e12c	art
8ef5e12c	nature
8ef5e12c	sports
8ef5e12c	business
cd951b1a	animals
cd951b1a	technology
cd951b1a	city
cd951b1a	business
c4768c1b	health
c4768c1b	art
c4768c1b	food
845447df	sports
845447df	business
bda14c8c	nature
bda14c8c	animals
bda14c8c	food
bda14c8c	people
bda14c8c	architecture
4d1de864	architecture
4d1de864	people
4d1de864	abstract
0f733444	technology
0f733444	people
0f733444	architecture
0f733444	business
dace28e7	food
dace28e7	city
765c4cc1	food
765c4cc1	travel
765c4cc1	fashion
c5dd09b3	fashion
c5dd09b3	architecture
c5dd09b3	music
c5dd09b3	technology
0574eb10	food
0574eb10	people
0574eb10	business
0574eb10	fashion
0574eb10	nature
61904035	travel
61904035	technology
61904035	people
61904035	business
61904035	abstract
ddc54bd2	sports
ddc54bd2	business
ddc54bd2	health
1bf99778	animals
1bf99778	music
3379c5b2	food
3379c5b2	abstract
3379c5b2	travel
6868ee82	health
6868ee82	business
caae86c0	technology
caae86c0	art
caae86c0	animals
caae86c0	nature
c851e735	abstract
c851e735	food
c851e735	fashion
66913efd	animals
66913efd	business
66913efd	fashion
66913efd	technology
66913efd	health
57dec193	animals
57dec193	art
76936592	health
76936592	food
76936592	travel
76936592	art
ef3796b3	abstract
ef3796b3	health
ef3796b3	people
b0d35cb4	food
b0d35cb4	travel
81275077	travel
81275077	health
ce8e2b3f	abstract
ce8e2b3f	nature
ce8e2b3f	fashion
d1c6a56e	music
d1c6a56e	nature
d1c6a56e	architecture
69339774	art
69339774	sports
69339774	city
143936bd	music
143936bd	people
143936bd	business
143936bd	art
b8aba76c	fashion
b8aba76c	abstract
b8aba76c	art
b8aba76c	animals
b8aba76c	nature
a7eb8b4c	nature
a7eb8b4c	travel
712ba4d2	animals
712ba4d2	music
712ba4d2	city
712ba4d2	travel
712ba4d2	food
f5bcf776	abstract
f5bcf776	travel
f5bcf776	art
f2f0c792	sports
f2f0c792	food
f2f0c792	city
415f263e	city
415f263e	fashion
366cd1e7	food
366cd1e7	abstract
e583f04c	nature
e583f04c	art
e583f04c	city
e583f04c	business
91043732	architecture
91043732	health
91043732	food
021c712a	architecture
021c712a	animals
021c712a	city
021c712a	technology
021c712a	business
fc6e5835	abstract
fc6e5835	fashion
028b2163	technology
028b2163	architecture
028b2163	food
2e1b06b2	art
2e1b06b2	sports
2e1b06b2	abstract
2e1b06b2	city
2e1b06b2	travel
7ae7e563	sports
7ae7e563	travel
7ae7e563	technology
9b55e216	nature
9b55e216	food
9b55e216	animals
f517dc4e	people
f517dc4e	animals
f517dc4e	health
c3c97fba	business
c3c97fba	animals
3d47542f	nature
3d47542f	food
3d47542f	architecture
5256046c	people
5256046c	fashion
5256046c	travel
5256046c	business
6e6d8def	travel
6e6d8def	city
6e6d8def	art
815129fc	technology
815129fc	nature
dd773902	fashion
dd773902	abstract
26bf845b	art
26bf845b	city
26bf845b	animals
26bf845b	fashion
6b4d136a	city
6b4d136a	fashion
6b4d136a	travel
6b4d136a	music
2c673094	nature
2c673094	people
19d944cd	health
19d944cd	travel
19d944cd	abstract
19d944cd	people
8ee6f963	business
8ee6f963	food
8ee6f963	nature
8ee6f963	sports
8ee6f963	travel
5c76039e	people
5c76039e	technology
5c76039e	fashion
5c76039e	nature
5c76039e	health
5455192f	music
5455192f	fashion
5455192f	animals
ad78d673	sports
ad78d673	health
ecdc576e	fashion
ecdc576e	travel
95c594f8	travel
95c594f8	animals
95c594f8	architecture
95c594f8	abstract
95c594f8	food
418c2586	technology
418c2586	city
418c2586	health
8dc8faf6	food
8dc8faf6	animals
e2d1dd0e	abstract
e2d1dd0e	nature
e2d1dd0e	fashion
e2d1dd0e	food
f2c60f9f	city
f2c60f9f	sports
f2c60f9f	architecture
28b9ea41	fashion
28b9ea41	city
28b9ea41	travel
28b9ea41	abstract
28b9ea41	people
b3cf243e	nature
b3cf243e	health
b3cf243e	travel
b3cf243e	people
d92e850a	art
d92e850a	business
d92e850a	food
d92e850a	nature
d92e850a	animals
517c9f87	technology
517c9f87	sports
517c9f87	health
5d924540	animals
5d924540	people
5d924540	fashion
e341743e	abstract
e341743e	music
e341743e	fashion
b0e233f1	animals
b0e233f1	abstract
b0e233f1	city
b0e233f1	business
1b31efff	city
1b31efff	music
1b31efff	animals
1b31efff	health
1b31efff	art
4e855c5f	animals
4e855c5f	travel
4e855c5f	food
4e855c5f	art
4e855c5f	architecture
1f90fff4	business
1f90fff4	art
9abed5d4	art
9abed5d4	nature
9abed5d4	animals
9abed5d4	technology
1e7c947b	abstract
1e7c947b	people
1e7c947b	technology
1e7c947b	travel
03545cb3	abstract
03545cb3	music
03545cb3	health
de96d92e	sports
de96d92e	music
de96d92e	people
33a315ec	fashion
33a315ec	sports
33a315ec	abstract
33a315ec	food
33a315ec	architecture
fa26cccc	music
fa26cccc	fashion
4da452f5	art
4da452f5	food
4da452f5	animals
4da452f5	travel
4da452f5	nature
7a9e0faf	architecture
7a9e0faf	technology
7a9e0faf	food
7a9e0faf	sports
7a9e0faf	music
08b9a417	animals
08b9a417	food
602fd364	abstract
602fd364	architecture
602fd364	fashion
787d3d2a	travel
787d3d2a	people
787d3d2a	business
787d3d2a	music
787d3d2a	architecture
63ba2a2d	sports
63ba2a2d	animals
60cff59f	animals
60cff59f	fashion
60cff59f	nature
60cff59f	technology
60cff59f	city
3c2d483e	health
3c2d483e	people
3c2d483e	sports
3c2d483e	architecture
3c2d483e	city
cee5b626	music
cee5b626	city
cee5b626	business
cee5b626	animals
cee5b626	technology
b79d189e	city
b79d189e	abstract
ba066773	fashion
ba066773	technology
ba066773	city
ba066773	people
ba066773	food
0a7b757e	business
0a7b757e	abstract
0a7b757e	architecture
0a7b757e	technology
8e3d7f1b	music
8e3d7f1b	food
928b1123	health
928b1123	city
6b43334a	animals
6b43334a	music
6b43334a	city
6b43334a	health
649a72fd	city
649a72fd	travel
649a72fd	people
649a72fd	fashion
e90be135	health
e90be135	travel
e90be135	animals
e90be135	business
b4c4f861	technology
b4c4f861	travel
530638a3	abstract
530638a3	health
530638a3	food
a890db6b	fashion
a890db6b	technology
a890db6b	nature
a890db6b	food
a890db6b	music
